{
  "n_errors_in_run": 0,
  "n_missing_gold": 0,
  "label": {
    "n_scored": 200,
    "accuracy": 0.69,
    "macro_f1": 0.6557991286296233,
    "labels_order": [
      "SUPPORTS",
      "REFUTES",
      "NEI"
    ],
    "confusion_matrix": [
      [
        49,
        7,
        18
      ],
      [
        11,
        20,
        21
      ],
      [
        3,
        2,
        69
      ]
    ],
    "per_class": {
      "SUPPORTS": {
        "precision": 0.7777777777777778,
        "recall": 0.6621621621621622,
        "f1": 0.7153284671532847,
        "support": 74
      },
      "REFUTES": {
        "precision": 0.6896551724137931,
        "recall": 0.38461538461538464,
        "f1": 0.49382716049382713,
        "support": 52
      },
      "NEI": {
        "precision": 0.6388888888888888,
        "recall": 0.9324324324324325,
        "f1": 0.7582417582417582,
        "support": 74
      }
    },
    "pred_counts": {
      "REFUTES": 29,
      "NEI": 108,
      "SUPPORTS": 63
    },
    "true_counts": {
      "SUPPORTS": 74,
      "NEI": 74,
      "REFUTES": 52
    }
  },
  "evidence": {
    "n_scored": 200,
    "mean_precision": 0.649,
    "mean_recall": 0.8661666666666669,
    "mean_f1": 0.6643333333333333,
    "avg_predicted_sentences": 1.62,
    "avg_gold_sentences": 1.035,
    "avg_candidate_sentences": 9.315,
    "pct_pred_empty_overall": 0.31,
    "pct_empty_when_pred_non_nei": 0.0,
    "pct_nonempty_when_pred_nei": 0.42592592592592593,
    "n_pred_non_nei": 92,
    "n_pred_nei": 108,
    "pct_cite_all_unnecessary": 0.01,
    "pct_pred_shotgun": 0.1,
    "correct_label_wrong_evidence": 2,
    "wrong_label_right_evidence": 49,
    "shotgun_thresholds": {
      "prec_cutoff": 0.7,
      "extra_abs": 2,
      "extra_mult": 1.5
    }
  }
}