{
  "n_errors_in_run": 2,
  "counts": {
    "label_scored": 198,
    "evidence_scored": 198
  },
  "label": {
    "n_scored": 198,
    "accuracy": 0.4797979797979798,
    "macro_f1": 0.38944013038059627,
    "labels_order": [
      "SUPPORTS",
      "REFUTES",
      "NEI"
    ],
    "confusion_matrix": [
      [
        20,
        1,
        51
      ],
      [
        2,
        5,
        45
      ],
      [
        1,
        3,
        70
      ]
    ]
  },
  "evidence": {
    "n_scored": 198,
    "mean_precision": 0.5684769775678868,
    "mean_recall": 0.7790404040404041,
    "mean_f1": 0.5974226390893058
  }
}