{
  "n_errors_in_run": 0,
  "counts": {
    "label_scored": 200,
    "evidence_scored": 200
  },
  "label": {
    "n_scored": 200,
    "accuracy": 0.47,
    "macro_f1": 0.3883486572126123,
    "labels_order": [
      "SUPPORTS",
      "REFUTES",
      "NEI"
    ],
    "confusion_matrix": [
      [
        67,
        2,
        5
      ],
      [
        38,
        6,
        8
      ],
      [
        51,
        2,
        21
      ]
    ]
  },
  "evidence": {
    "n_scored": 200,
    "mean_precision": 0.396627344877345,
    "mean_recall": 0.8713333333333334,
    "mean_f1": 0.4239677544677547
  }
}