{
  "n_errors_in_run": 0,
  "counts": {
    "label_scored": 200,
    "evidence_scored": 200
  },
  "label": {
    "n_scored": 200,
    "accuracy": 0.78,
    "macro_f1": 0.779911912369904,
    "labels_order": [
      "SUPPORTS",
      "REFUTES",
      "NEI"
    ],
    "confusion_matrix": [
      [
        47,
        4,
        23
      ],
      [
        4,
        39,
        9
      ],
      [
        2,
        2,
        70
      ]
    ]
  },
  "evidence": {
    "n_scored": 200,
    "mean_precision": 0.7332500000000002,
    "mean_recall": 0.8761666666666668,
    "mean_f1": 0.7414523809523809
  }
}