{
  "n_errors_in_run": 0,
  "counts": {
    "label_scored": 200,
    "evidence_scored": 200
  },
  "label": {
    "n_scored": 200,
    "accuracy": 0.45,
    "macro_f1": 0.40878856593142304,
    "labels_order": [
      "SUPPORTS",
      "REFUTES",
      "NEI"
    ],
    "confusion_matrix": [
      [
        57,
        12,
        5
      ],
      [
        27,
        19,
        6
      ],
      [
        38,
        22,
        14
      ]
    ]
  },
  "evidence": {
    "n_scored": 200,
    "mean_precision": 0.33012932900432906,
    "mean_recall": 0.778,
    "mean_f1": 0.3309711122211121
  }
}